year,Gender equality Index
2014,33.99365
2015,33.99365
2016,31.17294
2017,32.81713
2018,33.82852
2019,33.82852
2020,34.24388
2021,7.51839
