year,Gender equality Index
2014,57.00216166666667
2015,57.08485238095238
2016,56.914343095238095
2017,57.178339226190474
2018,57.433575
2019,57.59432386904762
2020,57.84250625
2021,57.67261708333333
